"V1","V2","V3","V4","V5","V6","V7"
"0","1","1",-0.798016183106642,0.186218401619891,-1.79025774936791,-1.99261887823169
"0","0","1",-2.20406916748181,-0.432974234155081,-1.30011153401871,-1.99261887823169
"0","1","0",-0.199893627845711,-1.00056748361547,-2.44378603650018,-1.99261887823169
"0","1","1",-1.9030799256615,-0.484573620469663,-1.46349360580177,-1.99261887823169
"0","1","0",-1.30677192496143,0.908609810024025,-0.15643703153724,-1.99261887823169
"1","1","1",-1.85431377111367,0.65061287845112,0.33370918381196,0.325124464680573
"0","1","1",-1.84909692668908,1.16660674159693,0.33370918381196,-1.99261887823169
"0","0","1",-2.15235436183472,-0.174977302582176,-1.62687567758484,-0.83374720677556
"0","1","1",-1.56489231476378,-0.794169938357149,-0.319819103320307,0.325124464680573
"0","1","1",1.04965402354328,0.805411037394863,-0.809965318669508,-0.83374720677556
"0","0","1",-1.38615868811719,-0.123377916267595,1.15061954272729,-0.83374720677556
"0","0","1",-2.66360511627281,1.527802445799,0.33370918381196,1.48399613613671
"0","1","0",-1.23192154829065,0.599013492136539,-0.483201175103374,0.325124464680573
"0","1","0",-0.0470174039812369,0.702212264765701,0.00694504024582643,0.325124464680573
"0","1","0",-2.16550988252518,1.57940183211358,-0.646583246886441,-0.83374720677556
"0","1","0",-0.702071609396692,-1.10376625624463,-1.62687567758484,-1.99261887823169
"1","0","1",-1.37685909580641,0.65061287845112,-0.646583246886441,0.325124464680573
"0","1","0",0.777017197088401,0.857010423709444,-1.46349360580177,0.325124464680573
"1","0","1",-1.25709849321601,-0.226576688896757,-1.95363982115098,0.325124464680573
"0","1","0",-0.0132213248504,-0.484573620469663,-1.62687567758484,-1.99261887823169
"0","1","0",1.46246519177096,1.83739876368648,0.170327112028893,0.325124464680573
"0","1","1",0.694681782750544,0.444215333192796,0.987237470944227,1.48399613613671
"0","1","0",0.521845458550991,0.444215333192796,-0.646583246886441,0.325124464680573
"0","1","1",0.67177303115052,-0.432974234155081,0.987237470944227,1.48399613613671
"0","0","0",-1.72820222747743,-1.10376625624463,1.15061954272729,1.48399613613671
"0","1","0",0.446087804599785,-0.484573620469663,1.80414782985956,1.48399613613671
"0","1","0",0.436788212289008,-1.00056748361547,0.660473327378094,1.48399613613671
"0","1","0",-0.285631332047303,-0.639371779413405,0.170327112028893,0.325124464680573
"0","1","0",1.21160302029486,-0.690971165727986,-0.973347390452574,0.325124464680573
"0","1","1",0.66678300606675,-0.845769324671729,-0.646583246886441,0.325124464680573
"0","1","0",0.566075226531003,-0.690971165727986,1.15061954272729,1.48399613613671
"0","0","0",0.225619422473637,-0.329775461525919,0.33370918381196,1.48399613613671
"0","1","0",-0.396999619690199,0.857010423709444,-1.62687567758484,0.325124464680573
"0","0","1",-1.76789560897247,-0.89736871098631,0.00694504024582643,-1.99261887823169
"0","1","1",-0.667595072243401,0.444215333192796,0.497091255595027,0.325124464680573
"0","1","0",0.357855087897731,-1.10376625624463,0.987237470944227,-0.83374720677556
"0","1","0",-0.0862571469603251,-1.00056748361547,0.497091255595027,-0.83374720677556
"0","1","1",1.07755280030992,0.0830196289907288,0.00694504024582643,0.325124464680573
"0","1","0",0.835309763122143,-0.123377916267595,0.33370918381196,0.325124464680573
"1","1","0",-1.22080740150186,-0.794169938357149,-0.973347390452574,0.325124464680573
"0","1","0",0.397321650134793,-0.432974234155081,1.64076575807649,1.48399613613671
"1","0","1",-1.9899517264015,0.65061287845112,0.82385539916116,-0.83374720677556
"0","1","0",0.441778237455623,-0.845769324671729,0.987237470944227,0.325124464680573
"1","0","1",-4.31054022187369,0.65061287845112,0.00694504024582643,-0.83374720677556
"0","1","0",-1.33058795392472,-1.10376625624463,0.82385539916116,0.325124464680573
"0","1","0",0.428395897341503,-0.639371779413405,-1.30011153401871,0.325124464680573
"0","0","0",-3.49943432215369,-0.690971165727986,0.33370918381196,-1.99261887823169
"0","1","0",0.0314620818112487,-1.10376625624463,0.82385539916116,0.325124464680573
"0","1","0",-0.629716245309221,-0.948968097300891,1.31400161451036,-0.83374720677556
"0","0","0",-0.113475465704512,-0.742570552042567,-1.30011153401871,0.325124464680573
"0","0","0",-0.0638020339590926,-0.432974234155081,-0.973347390452574,-0.83374720677556
"1","1","0",0.615068200336814,-0.587772393098824,-1.30011153401871,0.325124464680573
"0","0","0",0.773614907224667,-1.10376625624463,-1.46349360580177,0.325124464680573
"0","0","0",-1.64926910300331,-1.10376625624463,-1.46349360580177,-0.83374720677556
"1","0","0",-0.578908716859712,-0.639371779413405,0.33370918381196,0.325124464680573
"1","1","1",-0.322149243019419,-0.536173006784243,0.170327112028893,0.325124464680573
"0","0","0",0.108580651724517,-0.278176075211338,0.170327112028893,1.48399613613671
"1","0","0",-1.28749228248311,1.99219692263023,0.82385539916116,-1.99261887823169
"0","0","0",-0.272929449872791,-0.278176075211338,-1.30011153401871,0.325124464680573
"0","1","0",0.79833821346839,-1.10376625624463,0.33370918381196,0.325124464680573
"0","0","0",1.23700678447819,-0.639371779413405,-0.15643703153724,-0.83374720677556
"0","0","1",-1.59959567117505,-0.536173006784243,0.660473327378094,0.325124464680573
"1","0","1",-1.44036850634758,-1.00056748361547,0.170327112028893,0.325124464680573
"1","0","0",-1.08108669841069,-0.484573620469663,-2.11702189293404,-1.99261887823169
"1","1","0",-1.70415937917332,-0.794169938357149,-0.15643703153724,0.325124464680573
"0","1","1",0.430664090583992,1.42460367316984,0.82385539916116,0.325124464680573
"0","1","0",0.748891601063788,0.444215333192796,0.00694504024582643,0.325124464680573
"0","0","0",-0.0343155218895715,0.289417174249053,0.660473327378094,0.325124464680573
"0","1","0",1.51281908153883,-0.226576688896757,0.00694504024582643,0.325124464680573
"0","0","0",-0.405391934637702,-0.89736871098631,1.64076575807649,0.325124464680573
"0","1","0",1.88820506176251,0.186218401619891,-0.319819103320307,0.325124464680573
"0","1","0",-0.681431050956312,-1.00056748361547,1.80414782985956,1.48399613613671
"0","1","0",0.980020491379931,0.857010423709444,-0.319819103320307,0.325124464680573
"0","1","0",0.407982158324787,-0.742570552042567,0.33370918381196,0.325124464680573
"0","1","0",0.518669988028074,-0.484573620469663,0.33370918381196,0.325124464680573
"0","0","1",-1.67694106042913,-1.10376625624463,0.33370918381196,-0.83374720677556
"1","1","1",0.664061174142624,-0.536173006784243,-1.62687567758484,0.325124464680573
"0","0","0",0.97571092423577,-0.0717785299530143,0.82385539916116,0.325124464680573
"1","0","0",-1.06067295931113,0.392615946878215,0.660473327378094,-1.99261887823169
"0","1","0",0.712146870668009,-1.10376625624463,0.33370918381196,0.325124464680573
"0","1","1",1.12359712293363,1.11500735528235,0.170327112028893,-0.83374720677556
"1","1","1",0.972081815031217,1.21820612791151,1.31400161451036,0.325124464680573
"0","1","0",0.254425476520705,-0.639371779413405,0.987237470944227,0.325124464680573
"0","1","0",0.562446117409296,-0.174977302582176,0.170327112028893,0.325124464680573
"0","1","1",1.07528460706743,-0.329775461525919,0.497091255595027,0.325124464680573
"0","1","0",0.624367792564746,-0.432974234155081,0.00694504024582643,0.325124464680573
"1","1","0",0.912881971717048,-0.794169938357149,0.497091255595027,0.325124464680573
"0","1","0",1.66365393175017,-0.329775461525919,0.33370918381196,0.325124464680573
"1","1","0",-0.225751030710679,0.392615946878215,0.170327112028893,0.325124464680573
"0","1","0",0.876817699343722,-0.0201791436384333,-0.646583246886441,0.325124464680573
"0","1","0",-0.0721943489065962,-0.845769324671729,0.170327112028893,0.325124464680573
"0","1","0",1.61035139046882,-0.484573620469663,0.170327112028893,-1.99261887823169
"0","1","0",0.536815533885147,1.37300428685525,0.170327112028893,1.48399613613671
"0","1","1",-0.255691181378991,1.47620305948442,0.00694504024582643,0.325124464680573
"0","1","0",1.14968134505657,0.702212264765701,0.170327112028893,0.325124464680573
"0","0","1",-1.18496994846936,0.0830196289907288,0.660473327378094,0.325124464680573
"0","1","0",-0.644232681961741,-0.432974234155081,-0.483201175103374,-0.83374720677556
"0","1","0",0.205659321972866,0.0314202426761478,0.497091255595027,0.325124464680573
"1","1","1",0.440190502152742,-1.10376625624463,0.33370918381196,0.325124464680573
"0","1","0",0.577189373402634,0.0830196289907288,-0.646583246886441,0.325124464680573
"0","1","1",0.232424002118261,-0.587772393098824,0.660473327378094,0.325124464680573
"0","1","0",-1.11760460946566,-0.0201791436384333,1.64076575807649,1.48399613613671
"1","1","0",0.444500069296904,-0.0717785299530143,0.33370918381196,-1.99261887823169
"0","1","0",1.54684198001049,-0.536173006784243,1.15061954272729,0.325124464680573
"0","1","0",1.25878143953982,-0.845769324671729,0.33370918381196,0.325124464680573
"0","1","1",-0.510182461976793,1.32140490054067,0.987237470944227,-0.83374720677556
"0","1","0",1.21296393625693,-0.0201791436384333,1.15061954272729,1.48399613613671
"1","0","0",-1.20311549424358,-0.0201791436384333,0.170327112028893,0.325124464680573
"1","0","0",-1.24961345554893,-0.432974234155081,0.170327112028893,-0.83374720677556
"0","1","1",-0.445765774155191,-0.536173006784243,-1.30011153401871,0.325124464680573
"0","1","1",1.43796870486805,0.599013492136539,0.660473327378094,0.325124464680573
"0","0","0",-0.240267467363199,0.186218401619891,0.660473327378094,1.48399613613671
"0","0","1",0.282097433946526,-0.587772393098824,0.33370918381196,0.325124464680573
"0","1","0",0.118333882551239,-0.432974234155081,0.33370918381196,-0.83374720677556
"0","0","0",0.921954744604162,0.547414105821958,0.33370918381196,0.325124464680573
"0","1","1",0.159161360750363,-0.89736871098631,-1.13672946223564,0.325124464680573
"0","1","1",-0.438507555828931,-0.845769324671729,0.170327112028893,-1.99261887823169
"0","0","1",-0.373864048749356,-0.432974234155081,0.660473327378094,1.48399613613671
"0","1","1",-1.20288867498561,0.702212264765701,0.33370918381196,1.48399613613671
"1","0","1",0.239455401186548,-0.690971165727986,1.47738368629343,1.48399613613671
"0","0","0",-0.588661947769279,1.26980551422609,0.82385539916116,-1.99261887823169
"0","1","0",-0.497934218483918,-0.226576688896757,1.31400161451036,1.48399613613671
"0","0","0",-1.11510959688235,-0.639371779413405,0.497091255595027,-0.83374720677556
"0","1","0",0.0219356702424991,-0.948968097300891,-0.809965318669508,-0.83374720677556
"1","1","1",-0.673492374690443,0.805411037394863,0.33370918381196,1.48399613613671
"0","1","1",-0.433971169343951,-0.278176075211338,-0.319819103320307,1.48399613613671
"0","1","1",-0.654439551470099,0.547414105821958,0.660473327378094,0.325124464680573
"1","1","0",0.459696963971877,-0.3813748478405,-0.15643703153724,0.325124464680573
"1","1","0",0.445860985258967,0.805411037394863,-1.46349360580177,-0.83374720677556
"0","0","0",-0.988998053163267,-0.3813748478405,0.987237470944227,0.325124464680573
"1","1","1",-0.734733591906284,-0.329775461525919,-0.483201175103374,0.325124464680573
"0","0","1",-1.31380332402971,-1.10376625624463,0.660473327378094,0.325124464680573
"1","0","0",-0.261815303084005,-0.742570552042567,0.497091255595027,0.325124464680573
"0","1","0",0.722353740176367,1.06340796896777,-1.62687567758484,0.325124464680573
"1","1","1",0.769305340080505,3.64337728469682,0.82385539916116,0.325124464680573
"0","0","0",1.70402777126766,-0.845769324671729,0.497091255595027,0.325124464680573
"0","1","1",1.7498452746334,-0.0717785299530143,0.33370918381196,0.325124464680573
"1","1","1",-0.505872894832632,-0.948968097300891,0.497091255595027,0.325124464680573
"1","1","0",1.53958376168423,-0.690971165727986,1.15061954272729,0.325124464680573
"0","1","0",0.540444643006854,-0.587772393098824,1.64076575807649,1.48399613613671
"0","1","0",0.420457221075635,-1.10376625624463,1.64076575807649,0.325124464680573
"0","1","0",-0.974935255192385,-0.639371779413405,0.660473327378094,0.325124464680573
"0","1","0",0.145325382037452,-1.10376625624463,1.80414782985956,1.48399613613671
"1","1","0",2.2846852381969,1.527802445799,1.80414782985956,0.325124464680573
"1","0","1",-0.800057557008313,-0.0201791436384333,0.497091255595027,0.325124464680573
"0","1","1",0.441097779433169,-0.3813748478405,1.31400161451036,0.325124464680573
"0","0","0",-1.24439661112434,-1.00056748361547,1.47738368629343,-0.83374720677556
"0","1","1",0.31838852566067,1.32140490054067,0.33370918381196,0.325124464680573
"0","1","1",-0.29425046625278,1.42460367316984,0.00694504024582643,-0.83374720677556
"0","1","0",1.1637441431103,-0.3813748478405,0.82385539916116,0.325124464680573
"0","1","1",0.16687321775826,-0.329775461525919,-0.15643703153724,-0.83374720677556
"1","1","1",-1.32809294134142,-0.329775461525919,0.33370918381196,0.325124464680573
"0","0","0",-0.650129984325937,-1.10376625624463,0.660473327378094,0.325124464680573
"0","1","0",0.770893075383386,-0.536173006784243,0.33370918381196,0.325124464680573
"0","0","1",-0.421949745274739,-0.226576688896757,0.660473327378094,-0.83374720677556
"0","1","1",-0.17721169550366,-0.226576688896757,0.170327112028893,1.48399613613671
"0","1","1",-0.164282994071176,-0.690971165727986,0.00694504024582643,0.325124464680573
"0","1","0",0.684248093901368,0.0314202426761478,0.987237470944227,0.325124464680573
"0","1","1",-0.263176219046069,-0.432974234155081,-2.44378603650018,-0.83374720677556
"0","0","0",-3.79384580367019,-0.432974234155081,0.33370918381196,-0.83374720677556
"0","1","0",-0.600683371921337,-0.89736871098631,0.660473327378094,-0.83374720677556
"0","1","1",-1.67716787976995,0.186218401619891,0.497091255595027,0.325124464680573
"0","0","0",0.36352557092111,0.186218401619891,0.987237470944227,0.325124464680573
"0","1","0",0.670865753870094,-0.123377916267595,1.64076575807649,0.325124464680573
"1","0","0",0.368742415345698,2.55979017209062,0.00694504024582643,0.325124464680573
"0","0","1",0.00946060749165112,1.26980551422609,-0.319819103320307,0.325124464680573
"0","1","1",-1.15956618420318,-0.794169938357149,0.170327112028893,0.325124464680573
"0","1","0",0.259642320945292,-1.10376625624463,-0.646583246886441,-0.83374720677556
"1","1","1",0.419096305113572,-0.639371779413405,0.82385539916116,0.325124464680573
"1","1","0",0.581045301865159,0.753811651080282,0.82385539916116,0.325124464680573
"0","1","0",0.610758633192652,-0.3813748478405,-0.646583246886441,0.325124464680573
"0","1","1",-0.668729168864647,-0.536173006784243,1.80414782985956,-0.83374720677556
"1","0","0",0.82170060375005,-0.0717785299530143,-0.809965318669508,0.325124464680573
"1","1","0",1.17349737401987,-0.742570552042567,1.80414782985956,1.48399613613671
"0","1","0",-0.318293314556895,1.527802445799,-0.15643703153724,0.325124464680573
"1","1","0",0.780419486952136,2.55979017209062,-1.30011153401871,-0.83374720677556
"0","1","0",0.879085892503365,-0.174977302582176,0.33370918381196,0.325124464680573
"0","0","1",0.468769736858991,0.13461901530531,0.33370918381196,0.325124464680573
"0","1","0",0.0591340392370703,-0.484573620469663,0.33370918381196,1.48399613613671
"0","1","0",-0.3588939734152,-0.948968097300891,-0.15643703153724,-1.99261887823169
"1","0","0",0.243311329649074,1.32140490054067,0.170327112028893,0.325124464680573
"1","0","0",-0.405618753978521,-0.123377916267595,0.82385539916116,1.48399613613671
"0","1","0",-0.213729606558622,-1.05216686993005,1.64076575807649,1.48399613613671
"1","1","0",0.929212962930421,0.495814719507377,-1.30011153401871,0.325124464680573
"0","1","1",-0.923674088144085,-0.432974234155081,0.660473327378094,0.325124464680573
"1","0","0",-0.877176126838736,0.13461901530531,0.33370918381196,0.325124464680573
"1","0","0",0.169821868940358,4.15937114784263,0.987237470944227,0.325124464680573
"0","0","0",0.339936361298632,0.444215333192796,0.00694504024582643,0.325124464680573
"0","1","0",0.74208702133632,2.81778710366352,-0.319819103320307,0.325124464680573
"0","0","0",-0.325324713542336,-1.00056748361547,0.660473327378094,0.325124464680573
"0","1","1",-0.788036132856256,0.960209196338606,0.33370918381196,0.325124464680573
"0","0","0",0.177080087266618,-0.174977302582176,-1.62687567758484,-0.83374720677556
"0","1","0",0.285953362409051,-0.690971165727986,-0.483201175103374,-1.99261887823169
"0","1","0",1.84510939032089,-0.3813748478405,-0.15643703153724,0.325124464680573
"0","0","0",-0.481830046528517,1.42460367316984,0.987237470944227,0.325124464680573
"0","1","0",-0.851091904715796,0.702212264765701,0.00694504024582643,0.325124464680573
"0","1","0",0.582859856426013,-0.587772393098824,0.33370918381196,0.325124464680573
"0","1","0",0.871374035578315,-1.05216686993005,-0.809965318669508,0.325124464680573
"0","1","0",0.928532504990812,-0.432974234155081,0.660473327378094,-1.99261887823169
"0","1","0",0.199535200267852,-0.845769324671729,-0.15643703153724,-1.99261887823169
"0","0","0",-0.65829548001547,-0.587772393098824,0.170327112028893,0.325124464680573
"0","1","1",-1.26911991736807,0.857010423709444,-0.483201175103374,-1.99261887823169
"0","1","1",0.158707722068727,-0.484573620469663,0.33370918381196,0.325124464680573
"1","1","1",0.0929301183679071,-0.432974234155081,1.15061954272729,-0.83374720677556
"0","1","1",0.402538494559381,0.444215333192796,0.170327112028893,0.325124464680573
"0","1","0",0.71872463105466,-0.948968097300891,0.170327112028893,0.325124464680573
"0","1","1",1.08367692201493,-0.3813748478405,-1.46349360580177,-0.83374720677556
"0","0","0",-0.502470604968897,-0.948968097300891,-1.95363982115098,-0.83374720677556
"0","1","0",0.93329571081661,-0.742570552042567,0.33370918381196,-0.83374720677556
"0","0","1",-1.25256210673103,0.13461901530531,-1.30011153401871,1.48399613613671
"0","0","0",-0.958377444555348,-0.226576688896757,0.33370918381196,-0.83374720677556
"0","1","1",-0.171087573798645,-0.948968097300891,1.15061954272729,0.325124464680573
"0","1","0",1.11701936254698,-0.0717785299530143,0.497091255595027,0.325124464680573
"0","0","1",-0.97198660392744,-0.639371779413405,0.82385539916116,0.325124464680573
"0","1","0",0.285499723727415,-0.123377916267595,1.80414782985956,1.48399613613671
"0","0","1",-2.88021756993644,1.01180858265319,1.15061954272729,1.48399613613671
"0","0","1",-1.17567035615858,0.857010423709444,-2.28040396471711,-1.99261887823169
"1","1","0",0.37917610427772,-0.0201791436384333,0.33370918381196,0.325124464680573
"1","1","1",-0.984008028079498,-0.690971165727986,0.660473327378094,1.48399613613671
"0","0","0",0.649317918149287,1.01180858265319,-1.30011153401871,-0.83374720677556
"0","0","0",0.436561393031035,-0.690971165727986,0.33370918381196,0.325124464680573
"0","1","0",1.00451697828284,-0.536173006784243,0.33370918381196,-0.83374720677556
"1","0","0",-0.0315936900482906,0.908609810024025,-1.79025774936791,0.325124464680573
"0","0","0",0.219495300685777,-0.690971165727986,-2.77055018006631,0.325124464680573
"0","1","0",-0.318973772496503,0.547414105821958,0.660473327378094,0.325124464680573
"0","1","0",0.809225540999202,0.0830196289907288,-2.11702189293404,-0.83374720677556
"0","1","0",0.112890218785833,-0.3813748478405,-0.15643703153724,-0.83374720677556
"1","1","0",1.15285681557949,-0.794169938357149,0.170327112028893,-0.83374720677556
"0","1","0",0.861167165987112,-0.89736871098631,-2.28040396471711,-0.83374720677556
"0","1","0",1.13743310164654,-0.0201791436384333,-0.646583246886441,-0.83374720677556
"0","1","0",1.22226352848486,-1.00056748361547,-2.77055018006631,-0.83374720677556
"0","1","0",1.12382394227445,-0.690971165727986,-2.44378603650018,-1.99261887823169
"0","1","0",0.839165691667514,-0.278176075211338,0.660473327378094,1.48399613613671
"1","1","0",1.69631591401123,0.0314202426761478,0.660473327378094,0.325124464680573
"0","1","0",0.716910076493806,-0.226576688896757,0.170327112028893,-0.83374720677556
"0","1","0",0.97571092423577,-0.278176075211338,-2.77055018006631,-1.99261887823169
"0","0","0",0.735055622350878,-0.278176075211338,-0.646583246886441,-0.83374720677556
"0","0","0",0.972081815031217,-0.123377916267595,0.33370918381196,0.325124464680573
"0","0","0",-0.291528634411499,-0.690971165727986,-1.46349360580177,0.325124464680573
"0","0","0",0.691733131568446,-1.10376625624463,-2.28040396471711,-1.99261887823169
"0","0","0",0.205659321972866,0.289417174249053,-1.62687567758484,0.325124464680573
"0","0","0",0.290943387492821,-0.845769324671729,0.33370918381196,-0.83374720677556
"1","0","0",1.3420241311581,0.857010423709444,0.660473327378094,0.325124464680573
"0","1","0",1.14832042917735,0.495814719507377,-1.30011153401871,0.325124464680573
"0","1","1",0.743221117957565,0.0314202426761478,0.82385539916116,0.325124464680573
"0","0","0",0.18070919647117,-0.3813748478405,0.33370918381196,-0.83374720677556
"1","1","0",0.922181563944979,1.01180858265319,-1.30011153401871,0.325124464680573
"0","1","0",-0.793026157940026,-0.3813748478405,0.660473327378094,1.48399613613671
"1","1","0",0.0378130228570814,0.857010423709444,1.64076575807649,0.325124464680573
"0","1","0",1.20162297012732,-0.794169938357149,0.660473327378094,0.325124464680573
"0","1","1",1.00224878504035,-0.690971165727986,0.170327112028893,-0.83374720677556
"0","1","0",1.03604486417118,-0.587772393098824,0.170327112028893,-0.83374720677556
"0","1","0",0.530237773498495,-1.00056748361547,-0.809965318669508,0.325124464680573
"0","1","0",0.138520802309983,1.94059753631565,0.00694504024582643,1.48399613613671
"1","0","1",0.144418104757026,0.495814719507377,-0.15643703153724,0.325124464680573
"1","1","1",-0.562804544904311,-0.639371779413405,-1.30011153401871,-0.83374720677556
"0","1","0",-0.142961977691187,0.341016560563634,-1.79025774936791,0.325124464680573
"0","1","1",0.0384934807966901,0.495814719507377,0.497091255595027,0.325124464680573
"0","1","0",0.581725759804768,0.599013492136539,0.497091255595027,0.325124464680573
"1","1","1",-0.92299363012163,0.702212264765701,-1.30011153401871,-0.83374720677556
"0","1","0",0.441778237455623,0.186218401619891,0.82385539916116,1.48399613613671
"0","1","0",-0.0903398947636694,-0.3813748478405,-0.319819103320307,1.48399613613671
"0","0","1",0.357855087897731,0.753811651080282,0.33370918381196,1.48399613613671
"1","1","1",-0.737682243088382,1.06340796896777,-0.973347390452574,0.325124464680573
"0","0","1",1.01449702845038,0.341016560563634,0.170327112028893,0.325124464680573
"0","1","0",1.31820810219481,-0.174977302582176,0.170327112028893,-0.83374720677556
"1","1","1",-0.184923552511556,0.0830196289907288,-1.62687567758484,0.325124464680573
"1","1","0",-1.46781364443259,-0.948968097300891,0.170327112028893,-0.83374720677556
"0","1","0",-1.66900238408042,-1.10376625624463,-2.77055018006631,-1.99261887823169
"0","0","0",-0.15770523376737,-0.432974234155081,-0.646583246886441,-0.83374720677556
"0","1","1",0.183657847653268,-0.329775461525919,-0.15643703153724,0.325124464680573
"0","1","0",-0.085803508278689,1.16660674159693,-0.809965318669508,0.325124464680573
"0","0","1",0.524794109733089,-0.123377916267595,0.170327112028893,-0.83374720677556
"0","1","0",0.83803159504627,-1.10376625624463,0.33370918381196,0.325124464680573
"1","1","1",0.385980683922344,2.8693864899781,0.660473327378094,1.48399613613671
"1","1","0",0.992495554130779,1.57940183211358,-0.483201175103374,-0.83374720677556
"0","1","0",0.113797496149106,-0.3813748478405,-0.319819103320307,0.325124464680573
"0","1","0",1.04557127573993,0.289417174249053,-0.973347390452574,0.325124464680573
"1","1","1",2.00637792913287,1.37300428685525,-1.79025774936791,0.325124464680573
"0","0","0",0.935790723317072,-0.587772393098824,0.170327112028893,-0.83374720677556
"1","0","1",0.7096518580847,2.50819078577604,0.33370918381196,-1.99261887823169
"1","1","0",0.708971400145092,4.36576869310095,0.33370918381196,0.325124464680573
"1","0","1",0.560631562765597,-0.3813748478405,0.497091255595027,-0.83374720677556
"0","1","0",1.69291362431318,-0.948968097300891,-1.62687567758484,0.325124464680573
"0","0","0",0.822381061772505,-0.845769324671729,0.82385539916116,1.48399613613671
"0","1","0",0.716683257152988,-0.278176075211338,-0.809965318669508,0.325124464680573
"0","1","0",1.0070119907833,0.237817787934472,-0.483201175103374,0.325124464680573
"0","1","1",1.08685239253785,-0.226576688896757,-0.809965318669508,-0.83374720677556
"1","1","0",0.0301011658491852,-0.329775461525919,-0.973347390452574,-1.99261887823169
"0","0","0",0.959153113598733,-0.536173006784243,0.33370918381196,0.325124464680573
"0","1","0",0.357401449216095,-1.10376625624463,0.33370918381196,0.325124464680573
"0","1","1",-0.96041881845702,-0.794169938357149,0.33370918381196,-0.83374720677556
"0","0","1",-0.0969176551503195,0.237817787934472,0.660473327378094,0.325124464680573
"1","1","1",-1.28363635402059,0.599013492136539,0.660473327378094,0.325124464680573
"0","1","1",0.88929276209457,-0.89736871098631,0.660473327378094,1.48399613613671
"0","1","0",0.728931500563017,-1.10376625624463,-2.77055018006631,-1.99261887823169
"0","0","0",0.563580213947695,0.599013492136539,0.33370918381196,0.325124464680573
"0","1","0",1.33612682871106,-0.845769324671729,0.33370918381196,0.325124464680573
"0","1","0",1.17621920594399,-0.174977302582176,0.33370918381196,-0.83374720677556
"1","0","0",0.0997346980953759,-0.278176075211338,0.660473327378094,0.325124464680573
"0","1","0",0.727570584683801,-0.432974234155081,-1.30011153401871,0.325124464680573
"0","1","0",0.573106625599291,-1.00056748361547,-2.60716810828324,0.325124464680573
"0","0","0",0.987505529047009,-1.10376625624463,-2.28040396471711,0.325124464680573
"0","1","0",1.06371682159701,-1.00056748361547,-2.77055018006631,0.325124464680573
"0","1","1",0.37078378924737,-1.10376625624463,-0.646583246886441,0.325124464680573
"1","0","0",-0.64264494665886,-0.484573620469663,-0.319819103320307,0.325124464680573
"0","1","0",-0.455745824405576,-0.484573620469663,-1.13672946223564,-1.99261887823169
"0","1","0",-0.216678257740721,0.0314202426761478,0.00694504024582643,0.325124464680573
"1","1","1",-0.521523428106397,1.11500735528235,0.660473327378094,1.48399613613671
"0","1","0",0.455387396827716,-0.123377916267595,1.47738368629343,0.325124464680573
"0","0","0",0.409116254863186,-1.10376625624463,-1.13672946223564,0.325124464680573
"0","0","0",-1.10762455921527,1.06340796896777,0.497091255595027,-0.83374720677556
"1","1","1",0.645915628285552,1.7857993773719,0.82385539916116,1.48399613613671
"0","1","0",-0.549875843554673,-0.690971165727986,0.170327112028893,0.325124464680573
"1","0","0",0.5034730933531,-0.0717785299530143,0.33370918381196,0.325124464680573
"0","0","1",-0.631984438468865,-0.639371779413405,0.82385539916116,-0.83374720677556
"0","1","1",0.618697309541367,2.6113895584052,0.00694504024582643,-0.83374720677556
"0","1","0",1.85350170452279,-0.639371779413405,0.170327112028893,0.325124464680573
"0","0","0",0.661792980900135,0.237817787934472,0.170327112028893,0.325124464680573
"1","1","0",1.06553137615786,0.65061287845112,0.660473327378094,0.325124464680573
"1","0","0",-0.243442937886116,0.65061287845112,-1.95363982115098,-1.99261887823169
"0","1","0",-0.204883652929481,-0.0201791436384333,-2.44378603650018,-0.83374720677556
"0","0","0",0.889519581435387,0.857010423709444,-2.44378603650018,-0.83374720677556
"1","0","0",-0.604539300383861,-0.329775461525919,-2.44378603650018,-1.99261887823169
"1","0","1",-1.0466101612574,0.753811651080282,-0.319819103320307,-1.99261887823169
"0","1","0",0.573106625599291,-0.742570552042567,-2.77055018006631,-1.99261887823169
"0","0","0",0.367608318724453,-0.226576688896757,0.33370918381196,-0.83374720677556
"0","1","0",1.9784791521177,0.65061287845112,1.15061954272729,0.325124464680573
"1","1","0",0.911747875095803,0.0830196289907288,0.33370918381196,0.325124464680573
"0","1","0",0.11765342461163,-0.587772393098824,0.660473327378094,1.48399613613671
"0","1","1",-0.940458718039093,-1.00056748361547,0.987237470944227,-0.83374720677556
"0","1","0",1.2179539613407,0.392615946878215,0.82385539916116,1.48399613613671
"0","0","0",-1.10717092061648,-1.10376625624463,-0.319819103320307,-1.99261887823169
"0","1","0",1.62622874341478,0.599013492136539,0.170327112028893,-0.83374720677556
"0","0","0",1.68815041823885,0.495814719507377,-0.646583246886441,0.325124464680573
"0","0","1",-1.26911991736807,-0.278176075211338,-0.809965318669508,-0.83374720677556
"0","0","1",0.204752044692439,0.237817787934472,-0.646583246886441,-1.99261887823169
"0","1","0",0.965050416045776,-0.794169938357149,-0.809965318669508,0.325124464680573
"0","1","0",0.16732685635705,-1.10376625624463,-2.77055018006631,-1.99261887823169
"0","0","0",0.624594611905563,-0.432974234155081,-0.646583246886441,-0.83374720677556
"0","1","0",-0.417186539448942,0.0830196289907288,-0.15643703153724,-1.99261887823169
"0","1","0",0.127860294119989,-0.226576688896757,-2.60716810828324,-1.99261887823169
"0","1","0",0.588530339532237,0.495814719507377,0.33370918381196,-0.83374720677556
"0","0","0",0.394372998869849,-0.587772393098824,-1.95363982115098,-0.83374720677556
"0","0","1",-0.0540488030495243,-0.226576688896757,-1.79025774936791,-0.83374720677556
"0","1","0",0.582179398486404,-0.0201791436384333,-0.809965318669508,0.325124464680573
"0","1","0",-1.71073713955997,-0.587772393098824,0.170327112028893,-0.83374720677556
"0","1","0",0.948038966809947,-0.0201791436384333,0.00694504024582643,0.325124464680573
"0","1","1",-0.821378573388302,0.753811651080282,-2.60716810828324,-1.99261887823169
"0","0","1",-0.113248646363693,-0.329775461525919,0.170327112028893,0.325124464680573
"0","1","0",1.01132155792746,0.186218401619891,0.170327112028893,0.325124464680573
"0","1","0",0.480337522412258,0.599013492136539,0.00694504024582643,-1.99261887823169
"0","1","0",0.248528174073662,-1.10376625624463,-2.60716810828324,-1.99261887823169
"0","1","1",0.698537711295916,-1.10376625624463,-0.319819103320307,0.325124464680573
"0","0","0",0.316347151758999,0.237817787934472,-2.11702189293404,-0.83374720677556
"0","1","0",-0.6705437234255,-0.226576688896757,-2.77055018006631,0.325124464680573
"0","1","0",-0.821378573388302,-1.10376625624463,0.170327112028893,-0.83374720677556
"0","0","1",-2.1085782324535,-0.484573620469663,-1.30011153401871,-0.83374720677556
"0","1","0",-0.061987479315393,-0.536173006784243,0.660473327378094,1.48399613613671
"0","0","1",-3.02470147877056,-1.05216686993005,1.15061954272729,-0.83374720677556
"0","0","0",-1.30495737040057,-0.536173006784243,0.660473327378094,-0.83374720677556
"0","0","1",-3.37853962294205,-0.639371779413405,0.00694504024582643,1.48399613613671
"1","0","1",-1.95229971872529,0.495814719507377,0.00694504024582643,0.325124464680573
"0","0","1",-1.30699874430225,1.94059753631565,-1.30011153401871,0.325124464680573
"0","0","1",-3.0800453936222,-0.329775461525919,0.00694504024582643,0.325124464680573
"0","1","0",-1.25777895115562,-0.690971165727986,-1.62687567758484,-1.99261887823169
"0","1","0",1.95829223235895,0.289417174249053,-0.319819103320307,0.325124464680573
"0","1","0",0.385753864581525,1.68260060474274,-2.28040396471711,0.325124464680573
"0","0","1",0.190689246638711,-0.536173006784243,-0.319819103320307,0.325124464680573
"0","0","0",-0.986049401981169,-0.948968097300891,1.47738368629343,1.48399613613671
"0","0","0",0.832134292599227,1.57940183211358,-1.62687567758484,0.325124464680573
"0","1","1",-0.202388640429019,0.0314202426761478,0.00694504024582643,-0.83374720677556
"0","0","1",-2.53250354746996,-0.484573620469663,0.33370918381196,-0.83374720677556
"0","1","1",0.237867665883668,-0.0201791436384333,0.00694504024582643,0.325124464680573
"0","0","0",-0.815708090282078,-0.587772393098824,1.80414782985956,-0.83374720677556
"0","0","1",-0.40403101867564,-0.690971165727986,0.82385539916116,0.325124464680573
"0","0","0",-1.06044613997031,-1.10376625624463,1.47738368629343,1.48399613613671
"0","0","1",-1.86633519526572,-1.10376625624463,0.660473327378094,0.325124464680573
"1","1","0",-0.416732900767306,-1.10376625624463,1.15061954272729,0.325124464680573
"0","1","0",0.958245836318306,-0.794169938357149,0.987237470944227,0.325124464680573
"0","1","0",-1.27116129126974,-0.536173006784243,0.987237470944227,-0.83374720677556
"0","1","0",0.980474129978722,-0.948968097300891,0.33370918381196,-0.83374720677556
"0","1","0",-1.41110881361888,-0.587772393098824,0.497091255595027,-0.83374720677556
"0","1","0",1.10817340891784,-0.3813748478405,0.660473327378094,0.325124464680573
"0","1","0",1.18914790729363,-0.484573620469663,0.33370918381196,0.325124464680573
"0","1","0",-1.61569984313045,-0.329775461525919,-0.646583246886441,0.325124464680573
"0","1","0",-0.21395642589944,-1.10376625624463,1.31400161451036,1.48399613613671
"0","1","0",-0.896002130718263,-1.10376625624463,0.497091255595027,0.325124464680573
"0","1","1",0.247394077452417,-0.3813748478405,0.660473327378094,0.325124464680573
"0","0","1",0.0455248798649775,-1.10376625624463,1.47738368629343,1.48399613613671
"0","0","1",-1.51839435354128,-0.0201791436384333,-1.95363982115098,-0.83374720677556
"0","1","1",-0.0608533826941482,-0.639371779413405,-2.28040396471711,0.325124464680573
"0","0","0",1.12110211035032,-0.484573620469663,0.33370918381196,0.325124464680573
"0","0","1",-1.34374347461518,-1.10376625624463,-2.11702189293404,0.325124464680573
"0","1","1",-1.70166436667286,-1.00056748361547,-2.60716810828324,0.325124464680573
"0","1","1",-0.304230516503166,-0.484573620469663,-0.15643703153724,-1.99261887823169
"0","1","0",-1.79715530170117,-0.536173006784243,0.987237470944227,-0.83374720677556
"0","1","0",-1.11533641622316,-1.10376625624463,-0.319819103320307,-0.83374720677556
"0","1","1",-0.83158544289666,-0.742570552042567,-2.44378603650018,-0.83374720677556
"0","1","0",-1.57147007515043,-1.10376625624463,0.987237470944227,-0.83374720677556
"0","0","0",-1.15639071368026,-1.10376625624463,-1.95363982115098,0.325124464680573
"0","1","1",-2.38824645789381,-0.794169938357149,1.15061954272729,-1.99261887823169
"0","1","0",-1.6438254392379,-0.639371779413405,1.64076575807649,1.48399613613671
"0","1","0",-1.8005575915649,-0.845769324671729,1.80414782985956,1.48399613613671
"1","1","0",-1.89604852659322,-0.794169938357149,0.82385539916116,1.48399613613671
"0","1","1",-0.36161580525648,-0.587772393098824,0.33370918381196,-1.99261887823169
"1","0","0",-2.60009570573164,1.37300428685525,0.00694504024582643,-1.99261887823169
"0","1","0",-0.675987387190905,-0.89736871098631,0.82385539916116,-1.99261887823169
"0","1","1",-1.08539626555485,-0.278176075211338,-0.809965318669508,0.325124464680573
"0","1","1",0.241043136406583,-0.742570552042567,0.82385539916116,0.325124464680573
"0","1","0",-0.617921640497981,2.09539569525939,-0.319819103320307,0.325124464680573
"0","1","0",0.836670679084206,0.495814719507377,1.47738368629343,0.325124464680573
"1","1","0",-1.40248967933056,0.289417174249053,-0.483201175103374,0.325124464680573
"0","1","0",0.360350100398193,0.495814719507377,-0.809965318669508,0.325124464680573
"0","1","0",0.0579999426158255,0.186218401619891,0.987237470944227,0.325124464680573
"0","0","0",0.492812585163106,0.495814719507377,0.987237470944227,0.325124464680573
"1","0","0",-0.137291494667808,0.289417174249053,-0.483201175103374,0.325124464680573
"0","0","1",-0.366832649681069,0.186218401619891,-0.809965318669508,0.325124464680573
"1","1","1",-0.283136319463994,1.16660674159693,-0.973347390452574,0.325124464680573
"0","0","1",-1.5549122645134,-0.0717785299530143,-2.44378603650018,0.325124464680573
"0","1","1",0.47285248474518,-1.05216686993005,0.497091255595027,0.325124464680573
"0","1","0",0.540444643006854,0.0830196289907288,-1.13672946223564,0.325124464680573
"0","1","0",0.77951220967171,-0.329775461525919,-2.28040396471711,0.325124464680573
"1","1","1",-0.993534439648248,0.960209196338606,1.64076575807649,1.48399613613671
"0","1","1",0.378042007656475,-1.10376625624463,-0.319819103320307,0.325124464680573
"1","1","1",0.164378205174951,0.289417174249053,-1.62687567758484,0.325124464680573
"1","0","1",-0.587527851148034,0.908609810024025,0.170327112028893,0.325124464680573
"0","0","0",0.650225195429714,4.15937114784263,0.33370918381196,0.325124464680573
"0","1","1",0.17413143608452,0.0830196289907288,0.00694504024582643,0.325124464680573
"0","0","0",0.0988274208149497,-0.536173006784243,0.170327112028893,1.48399613613671
"1","1","0",0.461057879933941,-0.0717785299530143,0.660473327378094,1.48399613613671
"0","1","1",-1.48119598454671,-0.278176075211338,1.31400161451036,1.48399613613671
"0","0","0",-1.21967330488062,-0.587772393098824,0.00694504024582643,-0.83374720677556
"0","1","0",0.254652295778676,-0.794169938357149,0.660473327378094,1.48399613613671
"0","1","0",0.901541005504599,0.0314202426761478,-0.483201175103374,1.48399613613671
"0","0","0",-1.31176195012804,-0.89736871098631,0.33370918381196,0.325124464680573
"0","1","0",-2.65861509118904,-0.587772393098824,1.47738368629343,1.48399613613671
"0","0","0",-0.231194694476086,-0.690971165727986,0.00694504024582643,-1.99261887823169
"0","1","0",-1.13212104611817,0.599013492136539,0.660473327378094,1.48399613613671
"0","1","0",0.351730966109871,-0.690971165727986,0.660473327378094,0.325124464680573
"1","1","0",-0.832719539517905,-0.0717785299530143,0.00694504024582643,0.325124464680573
"0","0","0",-0.0420273788974676,-0.226576688896757,0.33370918381196,-1.99261887823169
"0","1","0",-0.312622831450669,-1.10376625624463,-0.319819103320307,-1.99261887823169
"0","1","0",-0.384978195538141,0.0314202426761478,0.33370918381196,-1.99261887823169
"0","1","0",-1.43605893920342,-0.3813748478405,0.497091255595027,-1.99261887823169
"0","1","0",0.703981375061322,0.289417174249053,0.33370918381196,1.48399613613671
"0","1","0",-0.147952002857802,-0.174977302582176,0.82385539916116,0.325124464680573
"0","1","0",1.30278438826186,-0.432974234155081,0.00694504024582643,0.325124464680573
"0","0","1",-0.0833084956953819,0.857010423709444,-0.15643703153724,0.325124464680573
"1","1","0",0.596922654479742,1.83739876368648,0.497091255595027,1.48399613613671
"1","0","0",0.0618558710783511,-0.123377916267595,0.660473327378094,0.325124464680573
"0","0","0",-0.508367907333094,0.237817787934472,0.33370918381196,-0.83374720677556
"0","1","0",-0.595920166095539,-0.432974234155081,0.660473327378094,0.325124464680573
"0","1","0",0.715775979872561,-1.10376625624463,0.660473327378094,0.325124464680573
"0","1","0",1.34588005962063,-0.0717785299530143,0.33370918381196,1.48399613613671
"0","1","0",1.08345010275696,-0.432974234155081,0.82385539916116,0.325124464680573
"1","0","1",-0.332129293269805,0.392615946878215,0.660473327378094,-0.83374720677556
"0","0","0",0.741633382654684,-0.794169938357149,0.33370918381196,-0.83374720677556
"0","0","0",-1.55264407127091,0.753811651080282,0.33370918381196,0.325124464680573
"0","0","0",1.56884345433008,-0.484573620469663,0.33370918381196,0.325124464680573
"0","0","0",-0.653305454848854,-0.0201791436384333,-0.15643703153724,-1.99261887823169
"1","1","0",-0.140013326509089,2.19859446788855,0.00694504024582643,-0.83374720677556
"1","1","1",0.112436580187042,1.527802445799,0.33370918381196,0.325124464680573
"0","1","1",0.319976260880706,2.09539569525939,-1.46349360580177,-0.83374720677556
"1","1","0",-1.73863591632661,1.88899815000106,0.170327112028893,1.48399613613671
"0","1","0",-0.551236759433889,0.547414105821958,0.660473327378094,1.48399613613671
"1","1","1",-0.728382650860451,1.7857993773719,0.497091255595027,0.325124464680573
"0","1","0",1.00497061688163,-0.89736871098631,0.660473327378094,0.325124464680573
"0","1","0",-0.593651972853049,-0.690971165727986,0.987237470944227,-0.83374720677556
"1","0","0",-1.74476003803162,1.83739876368648,0.82385539916116,0.325124464680573
"1","0","0",-1.10036634088901,1.37300428685525,0.660473327378094,0.325124464680573
"1","0","1",-0.97153296532865,0.960209196338606,-0.483201175103374,-0.83374720677556
"1","0","1",-0.379307712514762,0.13461901530531,-0.809965318669508,-0.83374720677556
"1","0","1",-1.1169241514432,-0.89736871098631,0.33370918381196,-0.83374720677556
"0","1","0",-1.50002198834339,-0.226576688896757,0.660473327378094,1.48399613613671
"0","0","0",0.435654115750609,-0.329775461525919,-0.809965318669508,0.325124464680573
"0","1","0",0.630265095011787,0.702212264765701,-0.319819103320307,0.325124464680573
"1","0","1",-1.58689378908338,1.57940183211358,-0.809965318669508,-0.83374720677556
"1","0","1",-1.12939921427689,0.805411037394863,0.82385539916116,-0.83374720677556
"1","0","0",-0.514265209780136,0.341016560563634,0.497091255595027,-0.83374720677556
"1","0","0",0.0359984682962279,1.32140490054067,0.170327112028893,0.325124464680573
"1","1","0",-0.0318205093891093,-0.484573620469663,-0.15643703153724,0.325124464680573
"0","0","0",-1.50138290430545,0.341016560563634,-2.11702189293404,0.325124464680573
"0","1","0",0.312037584614837,-0.123377916267595,0.33370918381196,0.325124464680573
"0","1","0",-0.364791275779397,-0.0201791436384333,-2.11702189293404,0.325124464680573
"1","1","1",-0.384297737598532,0.702212264765701,0.82385539916116,0.325124464680573
"0","1","1",-0.0538219837087068,-0.639371779413405,-0.483201175103374,-0.83374720677556
"0","1","1",-0.428981144260181,0.392615946878215,-0.319819103320307,0.325124464680573
"0","1","0",0.37078378924737,-1.05216686993005,0.00694504024582643,0.325124464680573
"0","0","0",0.2460331615732,-1.05216686993005,-0.483201175103374,0.325124464680573
"1","0","0",-0.171994851079071,-0.89736871098631,-0.319819103320307,0.325124464680573
"1","0","1",-0.382483183037679,0.805411037394863,0.170327112028893,0.325124464680573
"1","0","1",-2.37894686566588,0.547414105821958,-0.319819103320307,-0.83374720677556
"0","1","0",-0.0354496185108163,-0.89736871098631,0.33370918381196,-1.99261887823169
"1","1","0",-0.120506864689953,-0.536173006784243,-0.646583246886441,0.325124464680573
"0","1","1",-0.718629419950883,-0.432974234155081,-2.11702189293404,0.325124464680573
"1","0","1",-1.12123371858736,0.702212264765701,0.170327112028893,-0.83374720677556
"1","1","0",-1.03572283380943,-0.0717785299530143,0.33370918381196,0.325124464680573
"1","1","0",-0.364564456438579,0.13461901530531,0.987237470944227,1.48399613613671
"0","0","0",0.219041662086987,0.547414105821958,-2.77055018006631,-0.83374720677556
"0","0","1",0.228794892996554,2.97258526260727,0.660473327378094,1.48399613613671
"0","1","0",0.679258068817598,1.88899815000106,0.660473327378094,0.325124464680573
"1","1","0",0.900406908883354,3.12738342155101,-1.95363982115098,0.325124464680573
"0","1","0",0.0382666614558726,-0.432974234155081,0.82385539916116,1.48399613613671
"0","1","0",1.01744567971532,-0.3813748478405,0.660473327378094,0.325124464680573
"0","1","0",0.856403960244159,-0.329775461525919,-1.79025774936791,0.325124464680573
"1","1","0",0.409569893544822,0.857010423709444,0.660473327378094,-0.83374720677556
"0","1","0",0.719405088994268,-0.948968097300891,0.170327112028893,-0.83374720677556
"0","1","0",1.09433743020493,-0.587772393098824,0.170327112028893,0.325124464680573
"0","1","0",0.818071494628343,-1.10376625624463,0.170327112028893,-0.83374720677556
"0","1","0",1.13471126972241,-0.536173006784243,-2.77055018006631,0.325124464680573
"0","1","0",0.358989184518977,1.16660674159693,-0.973347390452574,0.325124464680573
"0","1","0",0.408435796923577,1.01180858265319,-1.13672946223564,-1.99261887823169
"0","1","0",0.742313840677138,-0.3813748478405,0.660473327378094,-0.83374720677556
"0","1","1",0.2954797739778,0.599013492136539,0.660473327378094,1.48399613613671
"0","0","1",-0.0558633576103778,1.83739876368648,0.660473327378094,1.48399613613671
"0","1","0",0.356720991276486,-0.794169938357149,-2.77055018006631,-0.83374720677556
"0","1","1",0.466501543699347,-0.226576688896757,-1.62687567758484,-0.83374720677556
"0","0","0",1.60876365524878,0.0830196289907288,0.33370918381196,-0.83374720677556
"0","1","0",0.56199247872766,0.237817787934472,0.33370918381196,-0.83374720677556
"1","1","1",1.50918997233428,1.57940183211358,0.33370918381196,-0.83374720677556
"0","1","1",1.4229986295339,-0.587772393098824,0.170327112028893,-0.83374720677556
"0","1","0",0.785409512035906,1.21820612791151,0.33370918381196,0.325124464680573
"0","1","1",0.109034290323308,-0.794169938357149,0.33370918381196,-0.83374720677556
"0","1","0",-0.278146294380225,-0.89736871098631,0.33370918381196,-1.99261887823169
"0","1","1",-0.316478759996041,0.237817787934472,0.497091255595027,0.325124464680573
"1","1","0",0.588303520191419,1.88899815000106,0.170327112028893,-1.99261887823169
"0","1","0",0.720539185615513,0.392615946878215,-0.15643703153724,-0.83374720677556
"1","1","0",0.527062302975579,0.599013492136539,0.660473327378094,0.325124464680573
"0","1","0",0.433839561106909,0.0314202426761478,0.170327112028893,-0.83374720677556
"0","1","0",0.530691412097286,-0.0717785299530143,-0.15643703153724,-0.83374720677556
"0","1","0",0.844155716751284,-0.690971165727986,0.33370918381196,-1.99261887823169
"0","1","0",0.261456875506146,1.06340796896777,0.82385539916116,0.325124464680573
"1","1","0",0.57151889029641,1.527802445799,-0.15643703153724,0.325124464680573
"0","1","1",0.0192138383183733,-0.329775461525919,-0.15643703153724,-0.83374720677556
"0","1","0",0.433839561106909,-0.484573620469663,0.00694504024582643,-0.83374720677556
"0","1","0",1.35155054272685,-0.845769324671729,0.497091255595027,1.48399613613671
"0","1","1",0.914242887596266,0.186218401619891,0.170327112028893,-0.83374720677556
"0","1","1",0.664287993483443,0.13461901530531,-0.15643703153724,0.325124464680573
"0","1","0",0.677897152855536,3.84977482995514,1.31400161451036,0.325124464680573
"1","1","0",0.792214091763375,4.36576869310095,-0.15643703153724,1.48399613613671
"0","1","1",-0.0558633576103778,2.66298894471978,0.00694504024582643,0.325124464680573
"0","1","0",0.720312366274695,-0.123377916267595,1.15061954272729,0.325124464680573
"1","1","1",1.20593253727148,4.26256992047179,-0.483201175103374,1.48399613613671
"1","1","1",-0.149539738077838,0.444215333192796,0.987237470944227,1.48399613613671
"0","1","1",0.649544737490105,-0.3813748478405,0.497091255595027,0.325124464680573
"0","1","0",0.93329571081661,0.0314202426761478,-1.79025774936791,0.325124464680573
"1","1","0",0.08317688745834,0.13461901530531,-1.30011153401871,0.325124464680573
"1","1","1",0.246713619512808,1.01180858265319,-1.62687567758484,0.325124464680573
"0","1","0",1.03763259947406,-0.742570552042567,-1.30011153401871,0.325124464680573
"0","1","0",0.402992133158171,0.702212264765701,0.00694504024582643,0.325124464680573
"0","1","1",-0.971759784669468,-1.10376625624463,1.80414782985956,1.48399613613671
"0","0","0",0.334039058934435,-1.00056748361547,-2.77055018006631,-1.99261887823169
"0","1","0",0.394599818210666,-0.587772393098824,0.497091255595027,0.325124464680573
"0","1","0",0.059814497176679,0.13461901530531,0.33370918381196,-0.83374720677556
"0","0","0",-0.469128164436852,-0.845769324671729,0.497091255595027,0.325124464680573
"0","1","0",1.29484571191315,0.65061287845112,0.497091255595027,0.325124464680573
"1","1","0",1.6407451800673,-0.329775461525919,0.170327112028893,0.325124464680573
"0","0","0",1.79067275266683,-1.10376625624463,-2.44378603650018,0.325124464680573
"0","1","1",-0.595466527496748,-0.536173006784243,0.497091255595027,-0.83374720677556
"0","0","0",1.26603965786608,0.753811651080282,0.33370918381196,0.325124464680573
"1","1","0",1.31639354763395,-0.484573620469663,0.33370918381196,0.325124464680573
"0","1","0",0.874322686760413,-0.587772393098824,0.170327112028893,-1.99261887823169
"0","1","0",-0.695267029669223,-0.123377916267595,0.170327112028893,0.325124464680573
"0","1","0",-0.0946494619078299,-0.174977302582176,0.33370918381196,0.325124464680573
"0","1","0",1.35177736206767,-0.226576688896757,-0.319819103320307,-0.83374720677556
"0","0","0",-0.961099276479473,-0.174977302582176,0.987237470944227,1.48399613613671
"0","1","0",1.23995543574314,-0.0717785299530143,-0.15643703153724,-0.83374720677556
"0","0","0",-1.75791555880493,-1.00056748361547,-0.15643703153724,-1.99261887823169
"0","1","0",-0.0744625421490858,0.341016560563634,-0.483201175103374,-1.99261887823169
"1","0","0",-0.485005517051434,-1.00056748361547,-0.809965318669508,-1.99261887823169
"0","1","0",0.617109574238486,-1.10376625624463,0.987237470944227,1.48399613613671
"1","1","0",1.53028416937345,0.237817787934472,0.33370918381196,0.325124464680573
"0","1","0",0.85186757375918,-0.89736871098631,0.170327112028893,0.325124464680573
"0","1","0",1.01926023427617,0.960209196338606,0.00694504024582643,-0.83374720677556
"0","1","0",1.09569834616699,0.289417174249053,0.33370918381196,0.325124464680573
"0","0","0",0.927398408369567,-0.432974234155081,0.170327112028893,0.325124464680573
"1","1","0",0.79107999514213,0.186218401619891,-1.13672946223564,0.325124464680573
"0","0","0",-1.21332236383479,0.495814719507377,-0.646583246886441,0.325124464680573
"1","1","0",0.97843275607705,3.02418464892185,-0.15643703153724,0.325124464680573
"0","1","0",0.757283916011293,-0.89736871098631,0.170327112028893,0.325124464680573
"0","1","1",0.961874945522859,0.753811651080282,0.497091255595027,0.325124464680573
"1","1","1",-0.602044287883399,1.32140490054067,-0.973347390452574,-0.83374720677556
"0","0","0",0.38461976796028,0.495814719507377,-0.483201175103374,-1.99261887823169
"1","1","0",0.974123188932888,2.14699508157397,-1.62687567758484,-0.83374720677556
"0","0","0",0.168687772319113,-1.10376625624463,0.170327112028893,0.325124464680573
"0","1","0",0.876817699343722,-1.10376625624463,0.497091255595027,0.325124464680573
"1","1","0",-0.729970386163332,-0.845769324671729,-1.79025774936791,-0.83374720677556
"0","1","0",0.740272466775466,-1.00056748361547,0.660473327378094,0.325124464680573
"0","0","0",0.499617164890574,-1.00056748361547,-0.15643703153724,-1.99261887823169
"0","1","0",0.0228429475229264,0.237817787934472,1.47738368629343,0.325124464680573
"0","1","1",0.538176449764363,0.495814719507377,0.33370918381196,-1.99261887823169
"0","1","1",1.00315606232077,-0.226576688896757,0.33370918381196,0.325124464680573
"0","1","0",0.461057879933941,-0.0717785299530143,0.170327112028893,0.325124464680573
"0","1","0",0.91038695913374,-0.432974234155081,0.33370918381196,0.325124464680573
"0","1","0",0.676989875575108,-0.0201791436384333,-0.483201175103374,0.325124464680573
"0","1","1",-0.439868471790994,-0.587772393098824,1.80414782985956,0.325124464680573
"0","0","0",0.468316098260201,-1.00056748361547,0.170327112028893,-0.83374720677556
"0","1","0",1.07074822066529,-0.794169938357149,0.00694504024582643,0.325124464680573
"0","1","0",0.844382536092102,0.0314202426761478,-0.809965318669508,0.325124464680573
"0","1","1",1.21114938169607,-0.587772393098824,-2.11702189293404,-0.83374720677556
"0","0","0",0.854135767001669,-0.432974234155081,0.33370918381196,-0.83374720677556
"0","1","0",1.21341757493856,0.341016560563634,0.00694504024582643,0.325124464680573
"0","1","0",0.47330612334397,-0.278176075211338,-1.62687567758484,0.325124464680573
"0","1","1",-0.365471733801852,-0.0717785299530143,-1.95363982115098,0.325124464680573
"1","0","0",-0.679616496395458,2.35339262683229,0.170327112028893,1.48399613613671
"0","1","0",0.898592354322501,0.13461901530531,-1.30011153401871,0.325124464680573
"1","1","0",-1.65063001888253,1.01180858265319,0.497091255595027,1.48399613613671
"1","1","1",-0.36161580525648,0.702212264765701,-0.973347390452574,0.325124464680573
"0","0","0",0.123777546316646,-1.00056748361547,-0.973347390452574,0.325124464680573
"1","1","0",-0.974935255192385,-0.174977302582176,-1.62687567758484,0.325124464680573
"0","1","0",0.753654806806741,-0.329775461525919,0.33370918381196,0.325124464680573
"0","0","0",1.45543379270267,-0.174977302582176,0.170327112028893,0.325124464680573
"0","1","0",0.313171681236082,-1.10376625624463,0.33370918381196,0.325124464680573
"1","1","0",0.576055276781389,-0.0717785299530143,0.00694504024582643,0.325124464680573
"0","0","0",0.623233696026346,-0.123377916267595,0.660473327378094,0.325124464680573
"0","1","0",0.91038695913374,0.392615946878215,-0.809965318669508,0.325124464680573
"0","1","0",0.957792197719516,-0.89736871098631,-1.13672946223564,0.325124464680573
"1","1","0",-1.01099952756571,1.47620305948442,-0.809965318669508,-0.83374720677556
"0","1","0",0.906077391989579,-0.484573620469663,0.33370918381196,-1.99261887823169
"0","1","0",0.909706501194131,-0.794169938357149,0.82385539916116,0.325124464680573
"0","0","0",0.0609485937979238,1.01180858265319,-0.319819103320307,-0.83374720677556
"0","0","0",0.580591663266368,-0.845769324671729,-1.30011153401871,0.325124464680573
"0","0","0",0.334039058934435,-1.10376625624463,0.82385539916116,1.48399613613671
"0","1","0",1.14990816439739,-0.742570552042567,-0.483201175103374,0.325124464680573
"0","1","0",1.04239580521702,-1.10376625624463,0.170327112028893,0.325124464680573
"0","1","1",-0.500656050408044,-1.10376625624463,0.33370918381196,-0.83374720677556
"0","1","0",-1.83684868327905,-0.432974234155081,-1.62687567758484,-1.99261887823169
"0","0","0",-0.377493157871063,-0.174977302582176,0.660473327378094,1.48399613613671
"1","1","0",0.699898627257978,-0.3813748478405,0.170327112028893,0.325124464680573
"0","1","0",0.686516287143858,-0.690971165727986,-1.62687567758484,0.325124464680573
"0","1","1",-1.36120856253264,0.599013492136539,0.82385539916116,1.48399613613671
"0","1","0",0.629130998390543,-1.05216686993005,1.64076575807649,1.48399613613671
"0","0","0",0.637976952019684,-1.10376625624463,-0.483201175103374,0.325124464680573
"0","1","0",0.31226440387281,-0.0717785299530143,-1.95363982115098,0.325124464680573
"0","0","0",-0.70728845382128,-1.10376625624463,0.33370918381196,-1.99261887823169
"0","1","0",0.586488965630566,-1.00056748361547,-1.30011153401871,-1.99261887823169
"0","0","0",-2.40162879800793,-0.587772393098824,0.660473327378094,1.48399613613671
"1","1","1",0.670412115188458,0.444215333192796,0.82385539916116,0.325124464680573
"1","1","1",0.819205591249588,-0.174977302582176,0.660473327378094,0.325124464680573
"0","1","0",0.759098470572147,0.960209196338606,0.660473327378094,0.325124464680573
"0","0","1",0.0246575020837799,0.495814719507377,0.33370918381196,0.325124464680573
"1","1","1",1.10114200993239,1.63100121842816,0.33370918381196,1.48399613613671
"0","0","0",0.629130998390543,-0.123377916267595,0.170327112028893,-0.83374720677556
"0","0","1",-2.65181051146157,1.37300428685525,0.33370918381196,0.325124464680573
"1","0","0",-0.561897267623883,0.13461901530531,0.660473327378094,-0.83374720677556
"0","0","1",-0.357306238112319,1.16660674159693,0.82385539916116,0.325124464680573
"0","0","0",0.27710740877991,-0.742570552042567,0.170327112028893,-0.83374720677556
"0","1","0",1.03377667092869,-1.05216686993005,1.64076575807649,1.48399613613671
"1","0","0",-1.25074755217018,0.237817787934472,1.47738368629343,-0.83374720677556
"0","1","0",0.396868011453157,1.01180858265319,0.660473327378094,0.325124464680573
"0","1","0",1.34406550505978,-1.10376625624463,0.660473327378094,0.325124464680573
"0","0","0",0.90312874080748,-0.432974234155081,-0.15643703153724,-0.83374720677556
"0","0","0",0.516174975444767,-0.742570552042567,0.170327112028893,-1.99261887823169
"1","1","0",0.364886486883173,0.0830196289907288,-0.483201175103374,-0.83374720677556
"0","0","0",0.712600509349645,-0.587772393098824,-2.44378603650018,-0.83374720677556
"0","1","0",0.667917102687996,0.186218401619891,0.33370918381196,0.325124464680573
"0","0","0",0.44540734657733,-0.690971165727986,0.82385539916116,0.325124464680573
"0","1","0",-0.155890679123671,-0.484573620469663,0.82385539916116,0.325124464680573
"0","1","1",0.455614216168534,0.237817787934472,0.660473327378094,1.48399613613671
"0","1","0",1.05668542261156,-0.536173006784243,0.33370918381196,-0.83374720677556
"1","1","0",1.50329266997008,0.495814719507377,0.33370918381196,0.325124464680573
"1","1","1",1.13992811422985,-0.794169938357149,0.33370918381196,0.325124464680573
"0","1","0",-0.0492855972237265,-0.174977302582176,0.33370918381196,-0.83374720677556
"0","1","0",0.958245836318306,0.392615946878215,0.660473327378094,0.325124464680573
"0","0","0",0.305233004887369,-1.10376625624463,-0.646583246886441,-0.83374720677556
"0","1","0",0.549517415976812,-0.174977302582176,0.33370918381196,0.325124464680573
"0","1","0",0.615748658359268,-0.845769324671729,0.170327112028893,-0.83374720677556
"0","0","0",-1.17090715041563,-1.00056748361547,1.64076575807649,0.325124464680573
"0","1","0",1.11270979540282,-0.0717785299530143,0.33370918381196,0.325124464680573
"0","0","0",0.0834037067991575,2.6113895584052,-0.483201175103374,0.325124464680573
"1","0","1",0.943956219006604,0.65061287845112,0.33370918381196,1.48399613613671
"0","1","0",1.31253761917143,1.11500735528235,-0.483201175103374,0.325124464680573
"0","1","1",0.440417321493561,3.84977482995514,-0.809965318669508,0.325124464680573
"0","1","0",0.0407616740391797,1.26980551422609,-2.28040396471711,0.325124464680573
"0","1","1",-0.0955567391882573,3.38538035312391,-1.46349360580177,0.325124464680573
"0","1","1",1.06054135107409,-0.226576688896757,-1.13672946223564,0.325124464680573
"0","0","1",-0.512223835878464,1.06340796896777,-0.15643703153724,1.48399613613671
"0","1","1",0.802194142013761,-0.690971165727986,0.33370918381196,1.48399613613671
"0","1","0",0.94100756774166,-0.123377916267595,-2.44378603650018,0.325124464680573
"0","1","0",0.6059954274497,-0.484573620469663,0.00694504024582643,-0.83374720677556
"0","0","0",0.427488620061077,-0.278176075211338,0.170327112028893,0.325124464680573
"0","0","0",0.398909385354828,-0.432974234155081,-0.646583246886441,0.325124464680573
"1","1","1",-0.0109531316079104,1.57940183211358,0.00694504024582643,0.325124464680573
"0","0","0",0.109261109664126,1.26980551422609,0.170327112028893,0.325124464680573
"0","1","1",-0.0951031005066212,-0.536173006784243,-1.13672946223564,0.325124464680573
"0","1","0",-0.0545024416483144,-0.794169938357149,0.33370918381196,-1.99261887823169
"0","1","0",1.19345747443779,0.13461901530531,0.660473327378094,0.325124464680573
"0","1","0",0.98342278116082,-0.587772393098824,1.64076575807649,1.48399613613671
"0","1","0",0.903809198747089,-0.587772393098824,0.00694504024582643,-0.83374720677556
"1","1","1",-0.500656050408044,1.16660674159693,0.33370918381196,1.48399613613671
"0","1","0",0.969586802447909,-0.845769324671729,-0.809965318669508,0.325124464680573
"0","1","0",0.604407692146819,0.753811651080282,0.170327112028893,1.48399613613671
"0","1","1",1.66183937685794,-1.05216686993005,-0.646583246886441,-0.83374720677556
"0","1","0",1.00497061688163,-0.329775461525919,-0.319819103320307,0.325124464680573
"0","1","0",0.673360766370556,-0.742570552042567,-1.13672946223564,1.48399613613671
"0","0","0",0.864342636510028,0.289417174249053,-0.809965318669508,-0.83374720677556
"0","1","0",-0.948170575046989,0.289417174249053,-0.319819103320307,1.48399613613671
"0","1","0",0.552239247818093,-1.00056748361547,0.170327112028893,0.325124464680573
"0","0","0",1.52937689209302,-1.10376625624463,-0.809965318669508,0.325124464680573
"0","1","1",0.483286173594356,-0.742570552042567,-1.30011153401871,0.325124464680573
"0","1","0",0.895416883799585,-0.690971165727986,-0.646583246886441,0.325124464680573
"0","1","1",-0.110526814522412,-0.536173006784243,0.00694504024582643,-0.83374720677556
"0","1","0",1.25061594393313,-0.845769324671729,0.170327112028893,0.325124464680573
"0","1","0",1.63666243176688,0.237817787934472,1.15061954272729,0.325124464680573
"0","0","0",0.292304303454885,-1.10376625624463,0.33370918381196,-1.99261887823169
"0","0","1",0.809905998938811,1.06340796896777,0.987237470944227,1.48399613613671
"1","1","0",1.1846115208915,0.0830196289907288,0.987237470944227,0.325124464680573
"0","1","1",-0.84837007279167,0.392615946878215,-2.60716810828324,-0.83374720677556
"0","1","0",-0.0955567391882573,-1.00056748361547,0.33370918381196,-1.99261887823169
"0","1","0",0.401177578597317,-1.10376625624463,0.170327112028893,-1.99261887823169
"0","1","1",1.34157049247647,-0.845769324671729,0.33370918381196,0.325124464680573
"0","1","0",0.760686205875028,0.186218401619891,0.33370918381196,0.325124464680573
"0","0","0",-1.67694106042913,-0.845769324671729,-0.15643703153724,-1.99261887823169
"0","0","0",0.850279838456299,-0.845769324671729,0.33370918381196,0.325124464680573
"0","1","0",0.49621487502684,-0.690971165727986,-2.60716810828324,-1.99261887823169
"0","0","0",-1.32106154235597,-0.3813748478405,-1.13672946223564,-0.83374720677556
"0","1","0",0.691279492969656,-0.536173006784243,-2.28040396471711,-1.99261887823169
"0","1","0",0.737777454192158,-0.948968097300891,-0.483201175103374,-1.99261887823169
"0","1","0",-0.0803598445132836,-0.123377916267595,-1.95363982115098,-0.83374720677556
"0","1","1",0.390290251066505,0.857010423709444,1.31400161451036,1.48399613613671
"0","0","0",0.849145741835054,-0.742570552042567,0.497091255595027,-1.99261887823169
"0","0","1",-0.701617970715056,0.0830196289907288,0.33370918381196,0.325124464680573
"0","1","0",0.88203454376831,-0.278176075211338,0.660473327378094,0.325124464680573
"0","1","0",0.518216349346438,-0.174977302582176,-1.79025774936791,0.325124464680573
"0","1","1",0.671092573210912,-0.329775461525919,0.497091255595027,1.48399613613671
"0","1","0",1.50533404387175,-0.484573620469663,0.33370918381196,0.325124464680573
"0","0","1",0.0112751620525046,-0.0717785299530143,-1.79025774936791,-1.99261887823169
"0","1","0",0.0790941396549969,0.702212264765701,-1.30011153401871,0.325124464680573
"1","1","1",0.954843546454571,-0.948968097300891,0.82385539916116,0.325124464680573
"1","1","0",0.344926386465247,-1.10376625624463,0.660473327378094,0.325124464680573
"1","1","1",0.279829240704037,1.63100121842816,0.33370918381196,-0.83374720677556
"1","1","0",0.0947446729287606,-0.639371779413405,-0.646583246886441,1.48399613613671
"0","1","1",0.127406655521199,-0.690971165727986,0.33370918381196,-1.99261887823169
"0","1","1",1.00837290674536,0.392615946878215,-0.319819103320307,0.325124464680573
"0","1","0",0.280282879302827,-0.3813748478405,-2.44378603650018,0.325124464680573
"1","1","1",-0.523564802008067,3.17898280786559,-0.15643703153724,0.325124464680573
"0","0","0",0.373959259770286,0.237817787934472,0.170327112028893,-1.99261887823169
"1","1","1",-0.228926501233596,1.527802445799,0.660473327378094,1.48399613613671
"0","1","0",0.965957693326202,0.444215333192796,-0.15643703153724,0.325124464680573
"0","1","0",1.33816820269558,-0.536173006784243,0.660473327378094,0.325124464680573
"0","1","0",0.874776325359205,-0.948968097300891,-0.319819103320307,-0.83374720677556
"0","1","0",1.10840022825865,0.805411037394863,-0.319819103320307,-0.83374720677556
"0","1","0",0.304325727606941,-0.226576688896757,0.82385539916116,0.325124464680573
"0","0","0",0.116065689308749,-0.0717785299530143,-0.15643703153724,0.325124464680573
"0","1","1",0.379629742876511,0.13461901530531,0.00694504024582643,0.325124464680573
"1","1","1",0.949399882689165,1.73419999105732,-0.646583246886441,0.325124464680573
"0","1","0",0.303418450326515,-0.690971165727986,0.33370918381196,0.325124464680573
"0","1","0",1.37400565572809,-0.536173006784243,0.33370918381196,0.325124464680573
"1","0","0",0.745942949798845,0.908609810024025,0.33370918381196,0.325124464680573
"0","1","0",0.292757942136521,-0.690971165727986,0.00694504024582643,0.325124464680573
"0","1","1",0.703981375061322,0.0830196289907288,0.170327112028893,0.325124464680573
"0","1","1",1.17803376050484,0.13461901530531,0.33370918381196,0.325124464680573
"0","1","0",-0.830224526934597,-0.329775461525919,0.497091255595027,0.325124464680573
"0","1","0",-1.68170426617208,-0.690971165727986,1.80414782985956,-0.83374720677556
"0","1","1",-0.590476502330132,-0.639371779413405,0.33370918381196,-0.83374720677556
"0","0","0",-1.36234265915389,-0.587772393098824,1.80414782985956,1.48399613613671
"0","1","0",0.64342061578509,-1.00056748361547,0.00694504024582643,-0.83374720677556
"0","0","0",-0.696174306949649,-0.948968097300891,0.497091255595027,-0.83374720677556
"0","1","0",-0.219173270324029,1.47620305948442,0.33370918381196,0.325124464680573
"0","0","0",0.0843109840795848,-0.123377916267595,0.170327112028893,0.325124464680573
"0","1","0",1.10295656449325,-0.0717785299530143,-0.15643703153724,0.325124464680573
"0","1","0",1.10068837125076,-0.3813748478405,1.15061954272729,0.325124464680573
"0","1","0",-0.189006300314899,-0.794169938357149,0.33370918381196,-1.99261887823169
"0","1","0",0.149181310499978,-1.10376625624463,0.00694504024582643,0.325124464680573
"0","0","0",-0.433744350085979,0.186218401619891,0.82385539916116,0.325124464680573
"0","1","0",-0.384297737598532,-0.639371779413405,0.33370918381196,0.325124464680573
"1","0","0",0.172090062182847,-1.00056748361547,0.660473327378094,0.325124464680573
"0","0","0",-1.74045047088746,3.33378096680933,-0.319819103320307,0.325124464680573
"0","0","0",-1.12440918911028,-0.89736871098631,0.00694504024582643,-0.83374720677556
"0","1","0",-1.12826511765565,0.547414105821958,0.987237470944227,0.325124464680573
"0","0","0",-1.16863895717314,-0.89736871098631,1.80414782985956,-0.83374720677556
"0","1","0",0.260095959544083,-0.794169938357149,0.82385539916116,1.48399613613671
"0","1","0",-2.17526311343474,-0.432974234155081,0.660473327378094,-0.83374720677556
"0","1","1",-0.449394883359744,-1.10376625624463,0.497091255595027,-0.83374720677556
"0","1","0",-0.0824012184149546,-0.278176075211338,0.33370918381196,-0.83374720677556
"0","1","0",-1.53472534475465,-1.10376625624463,0.987237470944227,-0.83374720677556
"0","1","0",0.510958131020178,1.88899815000106,1.80414782985956,0.325124464680573
"0","1","0",0.819886049189196,-1.05216686993005,0.33370918381196,0.325124464680573
"0","1","1",0.962555403462467,1.47620305948442,0.33370918381196,0.325124464680573
"0","1","0",0.329502672449456,-0.89736871098631,0.497091255595027,-0.83374720677556
"0","1","0",0.84460935543292,0.13461901530531,0.00694504024582643,0.325124464680573
"0","1","0",-2.77021019817276,-0.432974234155081,0.82385539916116,1.48399613613671
"0","1","1",-0.0644824918987001,-0.123377916267595,0.987237470944227,-0.83374720677556
"0","0","0",0.986371432425763,-0.329775461525919,-0.483201175103374,-1.99261887823169
"1","1","0",-2.25238168334801,-0.0717785299530143,-0.319819103320307,0.325124464680573
"0","1","0",-0.520389331485152,-0.536173006784243,1.80414782985956,0.325124464680573
"0","0","1",0.321563996183587,0.186218401619891,-0.973347390452574,1.48399613613671
"0","1","0",-2.4066188230917,-1.10376625624463,1.80414782985956,0.325124464680573
"0","1","0",0.390063431725687,-1.10376625624463,0.987237470944227,0.325124464680573
"0","1","0",0.0573194846762168,-1.10376625624463,1.80414782985956,1.48399613613671
"1","1","0",0.0214820315608629,4.7785637836176,0.00694504024582643,0.325124464680573
"1","1","0",-0.598868817360483,-0.742570552042567,1.80414782985956,0.325124464680573
"0","1","0",-0.258186193879454,-1.10376625624463,1.80414782985956,1.48399613613671
"0","1","0",0.663380716203015,-1.10376625624463,1.80414782985956,1.48399613613671
"1","0","1",0.653854304634266,2.81778710366352,0.660473327378094,0.325124464680573
"0","1","1",-3.03127923915721,0.289417174249053,0.987237470944227,0.325124464680573
"0","1","0",1.19255019715736,-1.05216686993005,1.47738368629343,0.325124464680573
"0","1","0",-0.114155923644119,-0.484573620469663,0.660473327378094,0.325124464680573
"1","1","1",-2.66315147759118,-0.0717785299530143,0.82385539916116,-1.99261887823169
"0","0","0",0.30455254694776,1.88899815000106,0.170327112028893,0.325124464680573
"0","0","0",0.584447591728894,-1.05216686993005,0.33370918381196,-0.83374720677556
"1","1","1",-1.43946122906716,2.66298894471978,-1.46349360580177,-0.83374720677556
"1","0","1",-1.36733268423766,1.57940183211358,1.31400161451036,0.325124464680573
"1","0","1",-0.452116715201023,0.0830196289907288,0.497091255595027,0.325124464680573
"0","1","0",-0.296972298176906,-0.845769324671729,1.47738368629343,-1.99261887823169
"0","1","0",-1.71890263516666,-1.10376625624463,0.33370918381196,-0.83374720677556
"0","1","0",-1.18474312912854,-1.10376625624463,0.660473327378094,0.325124464680573
"1","1","0",-1.04298105213569,-0.3813748478405,0.33370918381196,0.325124464680573
"0","1","1",-2.63706725546824,-0.484573620469663,0.660473327378094,0.325124464680573
"0","1","0",0.989320083607863,2.40499201314687,0.00694504024582643,0.325124464680573
"0","1","1",-3.34519718241,0.289417174249053,0.33370918381196,0.325124464680573
"0","1","0",-0.0129945055095826,-1.00056748361547,0.497091255595027,-1.99261887823169
"0","1","1",0.132623499945787,-1.10376625624463,-1.30011153401871,-1.99261887823169
"0","1","0",-0.142961977691187,0.237817787934472,0.170327112028893,-1.99261887823169
"0","1","0",-1.36869360019972,-0.89736871098631,-0.15643703153724,-1.99261887823169
"0","0","0",-1.26435671154227,1.06340796896777,-0.809965318669508,0.325124464680573
"0","0","1",0.620285044761402,-1.10376625624463,-0.483201175103374,-1.99261887823169
"0","1","0",-2.78676800872695,-1.00056748361547,-0.483201175103374,-0.83374720677556
"0","0","0",-1.71255169412082,2.8693864899781,0.33370918381196,-0.83374720677556
"0","0","0",0.34016318063945,-1.05216686993005,-0.973347390452574,0.325124464680573
"0","1","0",-1.87903707735739,3.33378096680933,0.170327112028893,-1.99261887823169
"0","1","0",0.0421225900012431,0.13461901530531,-0.646583246886441,0.325124464680573
"0","1","0",-1.76902970559371,-1.10376625624463,0.00694504024582643,-0.83374720677556
"1","1","1",-0.282909500123177,0.599013492136539,0.170327112028893,0.325124464680573
"0","1","1",0.610531813851835,0.186218401619891,0.987237470944227,0.325124464680573
"0","1","0",1.4694965907564,1.32140490054067,0.33370918381196,-0.83374720677556
"0","1","0",-1.55219043267212,-0.639371779413405,1.64076575807649,1.48399613613671
"1","0","0",-1.75111097907746,0.805411037394863,0.497091255595027,0.325124464680573
"1","1","1",-1.13348196208024,0.908609810024025,0.660473327378094,-0.83374720677556
"0","0","0",-0.365925372400642,-0.484573620469663,0.82385539916116,0.325124464680573
"0","0","0",-0.56734093138929,-0.587772393098824,0.170327112028893,-1.99261887823169
"0","1","0",0.831680654000436,0.495814719507377,0.170327112028893,-0.83374720677556
"1","1","0",-0.101680860893272,1.01180858265319,0.170327112028893,0.325124464680573
"0","1","0",0.414106280029801,0.547414105821958,0.00694504024582643,-0.83374720677556
"0","0","0",-0.645593597923804,-0.329775461525919,0.660473327378094,0.325124464680573
"0","0","0",-1.71051032021915,-0.484573620469663,0.82385539916116,-0.83374720677556
"0","0","0",-0.259773929182334,0.65061287845112,0.170327112028893,1.48399613613671
"0","0","0",-1.45352402703804,-0.3813748478405,-0.483201175103374,-1.99261887823169
"0","1","0",0.0564122073129446,-0.226576688896757,0.170327112028893,1.48399613613671
"1","1","0",-0.713639394867113,0.547414105821958,0.660473327378094,1.48399613613671
"0","1","0",-0.59523970815593,0.289417174249053,0.660473327378094,0.325124464680573
"0","0","0",0.70466183300093,-0.123377916267595,0.82385539916116,-0.83374720677556
"0","0","0",-3.17576314799133,-0.0201791436384333,-1.62687567758484,-1.99261887823169
"0","0","0",-0.344377536679835,0.0314202426761478,-0.646583246886441,-0.83374720677556
"0","1","0",-0.27701219775898,-0.226576688896757,1.15061954272729,1.48399613613671
"0","1","0",1.04670537236118,-1.10376625624463,0.82385539916116,0.325124464680573
"0","1","0",1.09773972006866,-0.794169938357149,-0.319819103320307,0.325124464680573
"0","1","1",0.3467409410261,1.11500735528235,-0.646583246886441,0.325124464680573
"0","1","0",0.561765659386842,-1.10376625624463,0.497091255595027,1.48399613613671
"0","1","0",0.289582471613604,-1.10376625624463,1.47738368629343,1.48399613613671
"0","0","1",0.0904351058674449,-0.0717785299530143,-1.13672946223564,0.325124464680573
"0","1","1",-0.192862228860269,-0.845769324671729,1.31400161451036,1.48399613613671
"0","1","0",0.943956219006604,-0.89736871098631,-1.13672946223564,0.325124464680573
"0","1","0",0.517762710664802,-1.00056748361547,0.33370918381196,0.325124464680573
"0","0","0",0.652720208013021,0.341016560563634,0.987237470944227,1.48399613613671
"0","1","0",-1.42766662425592,-1.00056748361547,-1.13672946223564,-0.83374720677556
"1","0","1",0.131716222665359,1.73419999105732,0.00694504024582643,1.48399613613671
"0","0","0",-0.369100842923559,-0.3813748478405,-0.973347390452574,1.48399613613671
"1","1","0",1.1501349837382,-1.10376625624463,0.33370918381196,0.325124464680573
"0","1","0",-0.983554389480707,0.289417174249053,0.660473327378094,1.48399613613671
"0","1","1",0.451985106963981,0.237817787934472,0.497091255595027,0.325124464680573
"0","0","0",-0.867422896012014,-0.690971165727986,0.170327112028893,-0.83374720677556
"1","1","0",1.10068837125076,0.341016560563634,0.82385539916116,1.48399613613671
"0","1","0",0.442458695395232,1.32140490054067,0.497091255595027,0.325124464680573
"0","1","0",1.12155574903196,-0.0717785299530143,1.31400161451036,0.325124464680573
"0","0","1",-0.0910203527032781,0.753811651080282,1.47738368629343,0.325124464680573
"0","1","0",0.612119549154715,1.32140490054067,1.80414782985956,1.48399613613671
"0","1","1",0.109261109664126,-0.639371779413405,0.33370918381196,0.325124464680573
"1","1","0",0.478296148510587,1.7857993773719,0.82385539916116,0.325124464680573
"0","0","0",-0.58072327150341,-0.278176075211338,1.47738368629343,0.325124464680573
"0","0","0",0.884529556268772,0.341016560563634,0.170327112028893,1.48399613613671
"1","1","1",0.642059699823027,0.237817787934472,0.660473327378094,1.48399613613671
"1","1","1",0.336760890775715,1.57940183211358,-1.13672946223564,0.325124464680573
"0","1","1",0.553826983120974,0.702212264765701,0.82385539916116,0.325124464680573
"0","1","1",-0.57641370435925,-0.174977302582176,-2.77055018006631,0.325124464680573
"0","1","0",0.128994390741234,-0.690971165727986,-0.809965318669508,0.325124464680573
"0","1","1",0.42431314953816,2.19859446788855,0.33370918381196,0.325124464680573
"0","1","0",0.723714656138429,1.42460367316984,0.33370918381196,0.325124464680573
"0","0","1",-1.12939921427689,1.26980551422609,-0.15643703153724,0.325124464680573
"0","0","0",-0.706381176540854,1.94059753631565,1.64076575807649,1.48399613613671
"0","1","1",-0.914601315174125,0.392615946878215,-1.13672946223564,-1.99261887823169
"1","0","0",-0.729970386163332,1.16660674159693,-2.11702189293404,-1.99261887823169
"0","1","0",0.291623845515276,0.495814719507377,0.82385539916116,0.325124464680573
"0","1","0",1.44976330967929,0.0314202426761478,-1.62687567758484,0.325124464680573
"0","1","0",-0.387019569439813,-0.690971165727986,-1.46349360580177,-0.83374720677556
"0","0","0",-0.286311789986911,-0.123377916267595,1.47738368629343,1.48399613613671
"0","1","0",0.0378130228570814,0.753811651080282,0.33370918381196,0.325124464680573
"0","1","0",-0.733145856686248,-0.432974234155081,-1.79025774936791,0.325124464680573
"0","1","0",0.976618201516196,-0.948968097300891,0.00694504024582643,0.325124464680573
"0","0","1",-0.948851032986598,-0.123377916267595,0.497091255595027,-1.99261887823169
"0","1","1",-1.69100385848286,0.289417174249053,0.00694504024582643,0.325124464680573
"0","0","0",-0.993080801049457,-0.845769324671729,-1.79025774936791,-0.83374720677556
"0","0","0",-2.72756816541278,-0.89736871098631,-0.319819103320307,0.325124464680573
"0","0","0",-1.52655984914797,-0.845769324671729,-1.95363982115098,-1.99261887823169
"0","1","0",-0.482283685210153,1.73419999105732,-2.60716810828324,-0.83374720677556
"0","0","0",-1.85000420396951,-0.845769324671729,1.80414782985956,0.325124464680573
"0","1","0",-1.92417412270068,-0.639371779413405,0.987237470944227,1.48399613613671
"0","1","1",0.922181563944979,0.495814719507377,0.33370918381196,0.325124464680573
"0","0","0",-0.703659344616727,-1.10376625624463,0.660473327378094,-1.99261887823169
"0","1","0",0.940100290461234,-1.00056748361547,0.00694504024582643,-0.83374720677556
"0","1","0",0.492358946481469,0.237817787934472,0.33370918381196,0.325124464680573
"1","1","1",-0.264763954266104,1.32140490054067,0.660473327378094,0.325124464680573
"0","0","0",-0.60476611972468,-0.845769324671729,0.00694504024582643,1.48399613613671
"0","1","0",-0.17494350226117,0.805411037394863,0.82385539916116,-1.99261887823169
"1","1","1",-0.382029544356043,0.960209196338606,0.82385539916116,1.48399613613671
"0","1","0",-0.973347519889504,-0.536173006784243,-0.646583246886441,-1.99261887823169
"0","1","1",-0.381349086416434,-0.587772393098824,0.497091255595027,-0.83374720677556
"0","1","0",0.669731657248849,0.341016560563634,0.170327112028893,1.48399613613671
"0","1","0",-0.973120700548685,0.289417174249053,0.82385539916116,1.48399613613671
"0","0","1",-0.0157163374337083,-0.0201791436384333,0.00694504024582643,1.48399613613671
"0","0","1",-0.853813736557075,0.753811651080282,0.170327112028893,1.48399613613671
"0","1","0",-0.951572864910725,0.0314202426761478,0.33370918381196,0.325124464680573
"1","1","0",-1.29134821102848,-0.536173006784243,0.170327112028893,0.325124464680573
"0","1","0",-0.416506081509333,-0.0201791436384333,1.31400161451036,1.48399613613671
"0","1","0",0.627316443829689,-0.690971165727986,0.82385539916116,-0.83374720677556
"0","1","0",0.920367009384126,-0.587772393098824,-0.646583246886441,0.325124464680573
"0","0","0",1.58018442045969,-0.742570552042567,0.170327112028893,-0.83374720677556
"0","0","0",0.1416962728329,-1.10376625624463,-0.973347390452574,-1.99261887823169
"0","1","0",0.153037239045348,-1.10376625624463,-0.15643703153724,-1.99261887823169
"0","0","1",-1.27932678687642,-1.10376625624463,0.660473327378094,-0.83374720677556
"1","1","1",-2.53227672812915,2.76618771734894,0.00694504024582643,1.48399613613671
"0","1","1",0.343792289844002,0.13461901530531,0.660473327378094,0.325124464680573
"1","1","1",0.103363807217084,3.02418464892185,0.497091255595027,0.325124464680573
"1","1","0",0.207927515215355,2.09539569525939,-0.15643703153724,0.325124464680573
"0","1","1",-1.15661753302108,-0.0201791436384333,0.497091255595027,1.48399613613671
"0","0","1",-0.447126690117254,-0.123377916267595,-0.319819103320307,0.325124464680573
"0","1","0",-0.151354292721537,0.13461901530531,0.33370918381196,0.325124464680573
"0","1","1",-0.393143691227673,-0.0201791436384333,0.660473327378094,1.48399613613671
"0","1","1",0.342204554541121,2.71458833103436,0.660473327378094,1.48399613613671
"0","1","0",0.370330150648579,-0.278176075211338,0.660473327378094,1.48399613613671
"0","1","0",-2.29298234220632,-0.123377916267595,0.497091255595027,1.48399613613671
"0","1","0",-0.089432617483242,1.68260060474274,0.660473327378094,0.325124464680573
"0","1","0",-0.351862574346913,-0.845769324671729,0.660473327378094,1.48399613613671
"0","1","0",0.662246619581771,0.0314202426761478,0.497091255595027,1.48399613613671
"1","0","0",0.214278456261189,3.84977482995514,0.170327112028893,1.48399613613671
"0","0","0",-1.35168215096389,0.289417174249053,0.170327112028893,0.325124464680573
"1","1","0",-0.12300187727326,1.32140490054067,0.33370918381196,1.48399613613671
"1","1","1",-0.652398177568427,3.64337728469682,0.497091255595027,0.325124464680573
"0","1","0",-1.18610404500776,0.0830196289907288,0.497091255595027,1.48399613613671
"0","1","0",-0.677575122493786,0.13461901530531,-0.319819103320307,1.48399613613671
